unique_id,ds,cutoff,config_with_exog__,config_no_exog__,y
Bone,2020-01-31 00:00:00+00:00,2019-12-31 00:00:00+00:00,209.58159,202.66028,303.1
Bone,2020-02-29 00:00:00+00:00,2019-12-31 00:00:00+00:00,242.80226,184.65578,448.9
Bone,2020-03-31 00:00:00+00:00,2019-12-31 00:00:00+00:00,343.0173,301.4355,419.5
Bone,2020-04-30 00:00:00+00:00,2019-12-31 00:00:00+00:00,222.70676,197.63396,314.2
Bone,2020-05-31 00:00:00+00:00,2019-12-31 00:00:00+00:00,264.74896,255.71822,287.30002
Bone,2020-06-30 00:00:00+00:00,2019-12-31 00:00:00+00:00,246.71384,234.91232,267.6
Bone,2020-07-31 00:00:00+00:00,2019-12-31 00:00:00+00:00,270.8858,298.35074,358.1
Bone,2020-08-31 00:00:00+00:00,2019-12-31 00:00:00+00:00,151.3761,102.0801,89.4
Bone,2020-09-30 00:00:00+00:00,2019-12-31 00:00:00+00:00,68.118286,8.322693,108.200005
Bone,2020-10-31 00:00:00+00:00,2019-12-31 00:00:00+00:00,74.82126,41.507675,95.2
Bone,2020-11-30 00:00:00+00:00,2019-12-31 00:00:00+00:00,230.345,205.56607,172.0
Bone,2020-12-31 00:00:00+00:00,2019-12-31 00:00:00+00:00,382.5298,376.5846,244.6
Bone,2021-01-31 00:00:00+00:00,2020-12-31 00:00:00+00:00,276.6311,281.36218,293.5
Bone,2021-02-28 00:00:00+00:00,2020-12-31 00:00:00+00:00,151.21492,204.18326,66.6
Bone,2021-03-31 00:00:00+00:00,2020-12-31 00:00:00+00:00,341.12476,303.15,383.6
Bone,2021-04-30 00:00:00+00:00,2020-12-31 00:00:00+00:00,274.2172,265.15918,117.6
Bone,2021-05-31 00:00:00+00:00,2020-12-31 00:00:00+00:00,335.434,358.84274,226.59999
Bone,2021-06-30 00:00:00+00:00,2020-12-31 00:00:00+00:00,294.57843,298.59064,165.40001
Bone,2021-07-31 00:00:00+00:00,2020-12-31 00:00:00+00:00,291.4131,312.80078,144.6
Bone,2021-08-31 00:00:00+00:00,2020-12-31 00:00:00+00:00,108.97919,117.02789,253.5
Bone,2021-09-30 00:00:00+00:00,2020-12-31 00:00:00+00:00,58.63945,52.733475,185.1
Bone,2021-10-31 00:00:00+00:00,2020-12-31 00:00:00+00:00,68.13457,55.0055,94.3
Bone,2021-11-30 00:00:00+00:00,2020-12-31 00:00:00+00:00,202.43999,200.15558,291.5
Bone,2021-12-31 00:00:00+00:00,2020-12-31 00:00:00+00:00,355.78296,365.06662,205.3
Bone,2022-01-31 00:00:00+00:00,2021-12-31 00:00:00+00:00,303.25214,222.65631,164.5
Bone,2022-02-28 00:00:00+00:00,2021-12-31 00:00:00+00:00,147.93407,198.95679,317.0
Bone,2022-03-31 00:00:00+00:00,2021-12-31 00:00:00+00:00,256.06055,231.57162,342.0
Bone,2022-04-30 00:00:00+00:00,2021-12-31 00:00:00+00:00,252.89633,187.7444,205.9
Bone,2022-05-31 00:00:00+00:00,2021-12-31 00:00:00+00:00,322.7798,246.68634,225.20001
Bone,2022-06-30 00:00:00+00:00,2021-12-31 00:00:00+00:00,166.89896,95.020775,186.8
Bone,2022-07-31 00:00:00+00:00,2021-12-31 00:00:00+00:00,195.38455,121.006775,146.3
Bone,2022-08-31 00:00:00+00:00,2021-12-31 00:00:00+00:00,98.045074,85.38007,118.6
Bone,2022-09-30 00:00:00+00:00,2021-12-31 00:00:00+00:00,77.6978,61.245293,77.299995
Bone,2022-10-31 00:00:00+00:00,2021-12-31 00:00:00+00:00,179.53604,123.92612,202.40001
Bone,2022-11-30 00:00:00+00:00,2021-12-31 00:00:00+00:00,150.36324,159.16422,210.0
Bone,2022-12-31 00:00:00+00:00,2021-12-31 00:00:00+00:00,307.42963,353.76917,225.70001
Bone,2023-01-31 00:00:00+00:00,2022-12-31 00:00:00+00:00,303.65363,268.28693,198.6
Bone,2023-02-28 00:00:00+00:00,2022-12-31 00:00:00+00:00,159.1584,181.08186,116.00001
Bone,2023-03-31 00:00:00+00:00,2022-12-31 00:00:00+00:00,278.28323,202.20792,350.40002
Bone,2023-04-30 00:00:00+00:00,2022-12-31 00:00:00+00:00,266.4974,220.62616,209.7
Bone,2023-05-31 00:00:00+00:00,2022-12-31 00:00:00+00:00,221.21536,155.78955,198.6
Bone,2023-06-30 00:00:00+00:00,2022-12-31 00:00:00+00:00,160.85379,128.03561,106.8
Bone,2023-07-31 00:00:00+00:00,2022-12-31 00:00:00+00:00,143.68068,149.62796,132.3
Bone,2023-08-31 00:00:00+00:00,2022-12-31 00:00:00+00:00,89.67392,45.95832,45.4
Bone,2023-09-30 00:00:00+00:00,2022-12-31 00:00:00+00:00,73.630325,60.71984,24.3
Bone,2023-10-31 00:00:00+00:00,2022-12-31 00:00:00+00:00,133.12009,117.47908,25.6
Bone,2023-11-30 00:00:00+00:00,2022-12-31 00:00:00+00:00,212.21756,208.28632,127.7
Bone,2023-12-31 00:00:00+00:00,2022-12-31 00:00:00+00:00,309.9875,380.3637,216.2
Bone,2024-01-31 00:00:00+00:00,2023-12-31 00:00:00+00:00,252.27185,207.7756,257.3
Bone,2024-02-29 00:00:00+00:00,2023-12-31 00:00:00+00:00,226.78021,217.24797,223.5
Bone,2024-03-31 00:00:00+00:00,2023-12-31 00:00:00+00:00,286.27014,241.98978,282.9
Bone,2024-04-30 00:00:00+00:00,2023-12-31 00:00:00+00:00,300.28436,173.01994,420.7
Bone,2024-05-31 00:00:00+00:00,2023-12-31 00:00:00+00:00,335.74652,228.07121,173.6
Bone,2024-06-30 00:00:00+00:00,2023-12-31 00:00:00+00:00,322.5061,203.65242,116.200005
Bone,2024-07-31 00:00:00+00:00,2023-12-31 00:00:00+00:00,294.2209,240.17601,162.4
Bone,2024-08-31 00:00:00+00:00,2023-12-31 00:00:00+00:00,152.03459,35.404724,59.7
Bone,2024-09-30 00:00:00+00:00,2023-12-31 00:00:00+00:00,102.93293,-6.4543915,56.3
Bone,2024-10-31 00:00:00+00:00,2023-12-31 00:00:00+00:00,117.67613,-6.7490387,50.7
Bone,2024-11-30 00:00:00+00:00,2023-12-31 00:00:00+00:00,167.24,100.222694,266.80002
Bone,2024-12-31 00:00:00+00:00,2023-12-31 00:00:00+00:00,329.51398,347.7179,225.20001
Bone,2025-01-31 00:00:00+00:00,2024-12-31 00:00:00+00:00,293.8838,337.46,400.7
Bone,2025-02-28 00:00:00+00:00,2024-12-31 00:00:00+00:00,124.436295,105.54818,233.5
Bone,2025-03-31 00:00:00+00:00,2024-12-31 00:00:00+00:00,291.68878,269.77722,302.8
Bone,2025-04-30 00:00:00+00:00,2024-12-31 00:00:00+00:00,232.74689,212.9645,377.7
Bone,2025-05-31 00:00:00+00:00,2024-12-31 00:00:00+00:00,247.46822,165.02208,374.2
Bone,2025-06-30 00:00:00+00:00,2024-12-31 00:00:00+00:00,180.20776,182.5985,279.4
Bone,2025-07-31 00:00:00+00:00,2024-12-31 00:00:00+00:00,179.14105,147.35938,98.200005
Bone,2025-08-31 00:00:00+00:00,2024-12-31 00:00:00+00:00,71.7495,29.71405,69.0
Bone,2025-09-30 00:00:00+00:00,2024-12-31 00:00:00+00:00,37.05861,3.200882,113.40001
Bone,2025-10-31 00:00:00+00:00,2024-12-31 00:00:00+00:00,65.80147,60.425514,177.40001
Bone,2025-11-30 00:00:00+00:00,2024-12-31 00:00:00+00:00,145.27763,159.98381,240.8
Bone,2025-12-31 00:00:00+00:00,2024-12-31 00:00:00+00:00,244.16829,243.25294,207.40001
Pinrang,2020-01-31 00:00:00+00:00,2019-12-31 00:00:00+00:00,254.9696,230.0274,310.4
Pinrang,2020-02-29 00:00:00+00:00,2019-12-31 00:00:00+00:00,220.47058,160.05849,250.8
Pinrang,2020-03-31 00:00:00+00:00,2019-12-31 00:00:00+00:00,253.83055,241.30835,240.40001
Pinrang,2020-04-30 00:00:00+00:00,2019-12-31 00:00:00+00:00,217.16293,243.33403,254.4
Pinrang,2020-05-31 00:00:00+00:00,2019-12-31 00:00:00+00:00,156.65884,169.98415,382.60004
Pinrang,2020-06-30 00:00:00+00:00,2019-12-31 00:00:00+00:00,144.85457,190.51701,169.0
Pinrang,2020-07-31 00:00:00+00:00,2019-12-31 00:00:00+00:00,55.782875,142.70557,107.100006
Pinrang,2020-08-31 00:00:00+00:00,2019-12-31 00:00:00+00:00,41.082443,88.91204,84.799995
Pinrang,2020-09-30 00:00:00+00:00,2019-12-31 00:00:00+00:00,34.717636,34.05774,77.5
Pinrang,2020-10-31 00:00:00+00:00,2019-12-31 00:00:00+00:00,75.741745,74.23955,303.3
Pinrang,2020-11-30 00:00:00+00:00,2019-12-31 00:00:00+00:00,179.62181,221.28796,226.0
Pinrang,2020-12-31 00:00:00+00:00,2019-12-31 00:00:00+00:00,285.22113,255.7269,272.9
Pinrang,2021-01-31 00:00:00+00:00,2020-12-31 00:00:00+00:00,299.12637,258.699,281.0
Pinrang,2021-02-28 00:00:00+00:00,2020-12-31 00:00:00+00:00,222.77902,180.82225,152.1
Pinrang,2021-03-31 00:00:00+00:00,2020-12-31 00:00:00+00:00,249.87042,218.62668,248.70001
Pinrang,2021-04-30 00:00:00+00:00,2020-12-31 00:00:00+00:00,222.6009,266.22272,86.1
Pinrang,2021-05-31 00:00:00+00:00,2020-12-31 00:00:00+00:00,144.48978,75.843864,193.7
Pinrang,2021-06-30 00:00:00+00:00,2020-12-31 00:00:00+00:00,130.57928,79.32862,180.1
Pinrang,2021-07-31 00:00:00+00:00,2020-12-31 00:00:00+00:00,56.867226,28.470856,136.7
Pinrang,2021-08-31 00:00:00+00:00,2020-12-31 00:00:00+00:00,18.534805,-16.0121,82.1
Pinrang,2021-09-30 00:00:00+00:00,2020-12-31 00:00:00+00:00,28.172394,20.38733,264.3
Pinrang,2021-10-31 00:00:00+00:00,2020-12-31 00:00:00+00:00,138.5267,160.99896,287.2
Pinrang,2021-11-30 00:00:00+00:00,2020-12-31 00:00:00+00:00,206.20395,208.67453,301.9
Pinrang,2021-12-31 00:00:00+00:00,2020-12-31 00:00:00+00:00,261.10867,362.70544,327.0
Pinrang,2022-01-31 00:00:00+00:00,2021-12-31 00:00:00+00:00,293.75507,211.12544,235.5
Pinrang,2022-02-28 00:00:00+00:00,2021-12-31 00:00:00+00:00,225.51884,207.41016,270.1
Pinrang,2022-03-31 00:00:00+00:00,2021-12-31 00:00:00+00:00,259.67474,223.35909,196.0
Pinrang,2022-04-30 00:00:00+00:00,2021-12-31 00:00:00+00:00,256.73483,250.39105,211.8
Pinrang,2022-05-31 00:00:00+00:00,2021-12-31 00:00:00+00:00,227.37213,170.59157,384.7
Pinrang,2022-06-30 00:00:00+00:00,2021-12-31 00:00:00+00:00,104.17745,28.357025,265.7
Pinrang,2022-07-31 00:00:00+00:00,2021-12-31 00:00:00+00:00,76.76935,28.547012,150.1
Pinrang,2022-08-31 00:00:00+00:00,2021-12-31 00:00:00+00:00,61.334328,46.630768,123.899994
Pinrang,2022-09-30 00:00:00+00:00,2021-12-31 00:00:00+00:00,63.90986,53.3404,208.70001
Pinrang,2022-10-31 00:00:00+00:00,2021-12-31 00:00:00+00:00,160.33575,121.53177,331.80002
Pinrang,2022-11-30 00:00:00+00:00,2021-12-31 00:00:00+00:00,147.27399,155.89563,315.0
Pinrang,2022-12-31 00:00:00+00:00,2021-12-31 00:00:00+00:00,344.2589,352.40393,390.0
Pinrang,2023-01-31 00:00:00+00:00,2022-12-31 00:00:00+00:00,321.5702,233.75175,267.1
Pinrang,2023-02-28 00:00:00+00:00,2022-12-31 00:00:00+00:00,248.21576,199.43231,188.8
Pinrang,2023-03-31 00:00:00+00:00,2022-12-31 00:00:00+00:00,304.59558,259.41684,277.5
Pinrang,2023-04-30 00:00:00+00:00,2022-12-31 00:00:00+00:00,302.2958,286.03827,254.7
Pinrang,2023-05-31 00:00:00+00:00,2022-12-31 00:00:00+00:00,184.83284,124.53943,175.5
Pinrang,2023-06-30 00:00:00+00:00,2022-12-31 00:00:00+00:00,138.58488,33.253952,164.6
Pinrang,2023-07-31 00:00:00+00:00,2022-12-31 00:00:00+00:00,83.02372,14.854034,165.1
Pinrang,2023-08-31 00:00:00+00:00,2022-12-31 00:00:00+00:00,61.59784,-9.644272,8.8
Pinrang,2023-09-30 00:00:00+00:00,2022-12-31 00:00:00+00:00,65.92455,26.492035,6.1
Pinrang,2023-10-31 00:00:00+00:00,2022-12-31 00:00:00+00:00,170.6465,152.61589,62.699997
Pinrang,2023-11-30 00:00:00+00:00,2022-12-31 00:00:00+00:00,213.60933,150.44928,202.3
Pinrang,2023-12-31 00:00:00+00:00,2022-12-31 00:00:00+00:00,322.33435,444.10956,212.9
Pinrang,2024-01-31 00:00:00+00:00,2023-12-31 00:00:00+00:00,335.11377,288.93295,198.90001
Pinrang,2024-02-29 00:00:00+00:00,2023-12-31 00:00:00+00:00,189.08133,156.90479,187.0
Pinrang,2024-03-31 00:00:00+00:00,2023-12-31 00:00:00+00:00,351.44485,241.07965,279.2
Pinrang,2024-04-30 00:00:00+00:00,2023-12-31 00:00:00+00:00,312.42142,200.55397,249.29999
Pinrang,2024-05-31 00:00:00+00:00,2023-12-31 00:00:00+00:00,310.17877,199.28407,106.700005
Pinrang,2024-06-30 00:00:00+00:00,2023-12-31 00:00:00+00:00,234.28949,189.75998,133.40001
Pinrang,2024-07-31 00:00:00+00:00,2023-12-31 00:00:00+00:00,168.42566,178.22717,148.5
Pinrang,2024-08-31 00:00:00+00:00,2023-12-31 00:00:00+00:00,121.60279,18.76056,21.500002
Pinrang,2024-09-30 00:00:00+00:00,2023-12-31 00:00:00+00:00,143.05023,-8.018127,54.2
Pinrang,2024-10-31 00:00:00+00:00,2023-12-31 00:00:00+00:00,189.9701,11.635239,146.8
Pinrang,2024-11-30 00:00:00+00:00,2023-12-31 00:00:00+00:00,250.35251,124.97284,270.0
Pinrang,2024-12-31 00:00:00+00:00,2023-12-31 00:00:00+00:00,361.6219,256.1641,350.2
Pinrang,2025-01-31 00:00:00+00:00,2024-12-31 00:00:00+00:00,341.0241,391.8274,312.1
Pinrang,2025-02-28 00:00:00+00:00,2024-12-31 00:00:00+00:00,268.5278,133.52895,189.90001
Pinrang,2025-03-31 00:00:00+00:00,2024-12-31 00:00:00+00:00,354.5895,221.76035,252.90001
Pinrang,2025-04-30 00:00:00+00:00,2024-12-31 00:00:00+00:00,337.9516,179.51244,177.9
Pinrang,2025-05-31 00:00:00+00:00,2024-12-31 00:00:00+00:00,347.85953,136.49416,233.6
Pinrang,2025-06-30 00:00:00+00:00,2024-12-31 00:00:00+00:00,209.43845,82.88095,182.5
Pinrang,2025-07-31 00:00:00+00:00,2024-12-31 00:00:00+00:00,180.50899,55.16053,110.6
Pinrang,2025-08-31 00:00:00+00:00,2024-12-31 00:00:00+00:00,107.749756,-14.622635,127.600006
Pinrang,2025-09-30 00:00:00+00:00,2024-12-31 00:00:00+00:00,103.57072,-5.617569,132.8
Pinrang,2025-10-31 00:00:00+00:00,2024-12-31 00:00:00+00:00,116.71696,28.137222,143.0
Pinrang,2025-11-30 00:00:00+00:00,2024-12-31 00:00:00+00:00,189.9568,126.16002,159.7
Pinrang,2025-12-31 00:00:00+00:00,2024-12-31 00:00:00+00:00,308.38535,168.84753,236.8
Sidrap,2020-01-31 00:00:00+00:00,2019-12-31 00:00:00+00:00,228.07101,233.90692,322.7
Sidrap,2020-02-29 00:00:00+00:00,2019-12-31 00:00:00+00:00,194.17908,135.08234,278.6
Sidrap,2020-03-31 00:00:00+00:00,2019-12-31 00:00:00+00:00,298.0868,275.21713,311.9
Sidrap,2020-04-30 00:00:00+00:00,2019-12-31 00:00:00+00:00,212.91527,134.46178,410.40002
Sidrap,2020-05-31 00:00:00+00:00,2019-12-31 00:00:00+00:00,168.77013,87.92041,419.30002
Sidrap,2020-06-30 00:00:00+00:00,2019-12-31 00:00:00+00:00,148.29022,80.43948,327.4
Sidrap,2020-07-31 00:00:00+00:00,2019-12-31 00:00:00+00:00,148.76912,64.434814,233.00002
Sidrap,2020-08-31 00:00:00+00:00,2019-12-31 00:00:00+00:00,119.82227,-13.122101,157.0
Sidrap,2020-09-30 00:00:00+00:00,2019-12-31 00:00:00+00:00,75.54746,-63.615387,131.2
Sidrap,2020-10-31 00:00:00+00:00,2019-12-31 00:00:00+00:00,130.27483,19.853264,173.40001
Sidrap,2020-11-30 00:00:00+00:00,2019-12-31 00:00:00+00:00,257.19656,189.3833,213.9
Sidrap,2020-12-31 00:00:00+00:00,2019-12-31 00:00:00+00:00,358.82086,363.89987,192.3
Sidrap,2021-01-31 00:00:00+00:00,2020-12-31 00:00:00+00:00,235.90915,183.67175,206.8
Sidrap,2021-02-28 00:00:00+00:00,2020-12-31 00:00:00+00:00,136.89629,52.499287,127.700005
Sidrap,2021-03-31 00:00:00+00:00,2020-12-31 00:00:00+00:00,246.66232,224.33586,239.9
Sidrap,2021-04-30 00:00:00+00:00,2020-12-31 00:00:00+00:00,239.83215,213.78897,142.3
Sidrap,2021-05-31 00:00:00+00:00,2020-12-31 00:00:00+00:00,218.89886,185.30911,238.20001
Sidrap,2021-06-30 00:00:00+00:00,2020-12-31 00:00:00+00:00,158.0438,114.42984,235.90002
Sidrap,2021-07-31 00:00:00+00:00,2020-12-31 00:00:00+00:00,142.65968,81.399124,240.40001
Sidrap,2021-08-31 00:00:00+00:00,2020-12-31 00:00:00+00:00,91.35192,-38.53853,263.2
Sidrap,2021-09-30 00:00:00+00:00,2020-12-31 00:00:00+00:00,93.78957,-44.081985,342.3
Sidrap,2021-10-31 00:00:00+00:00,2020-12-31 00:00:00+00:00,151.384,63.541534,269.7
Sidrap,2021-11-30 00:00:00+00:00,2020-12-31 00:00:00+00:00,214.65977,79.01491,355.80002
Sidrap,2021-12-31 00:00:00+00:00,2020-12-31 00:00:00+00:00,232.89899,317.937,248.90001
Sidrap,2022-01-31 00:00:00+00:00,2021-12-31 00:00:00+00:00,202.10199,91.874626,217.59999
Sidrap,2022-02-28 00:00:00+00:00,2021-12-31 00:00:00+00:00,146.63232,148.7399,285.2
Sidrap,2022-03-31 00:00:00+00:00,2021-12-31 00:00:00+00:00,190.35617,169.4852,192.8
Sidrap,2022-04-30 00:00:00+00:00,2021-12-31 00:00:00+00:00,215.90352,206.11322,271.7
Sidrap,2022-05-31 00:00:00+00:00,2021-12-31 00:00:00+00:00,227.20908,212.91682,323.4
Sidrap,2022-06-30 00:00:00+00:00,2021-12-31 00:00:00+00:00,128.63335,31.870934,295.6
Sidrap,2022-07-31 00:00:00+00:00,2021-12-31 00:00:00+00:00,117.04772,22.19284,189.7
Sidrap,2022-08-31 00:00:00+00:00,2021-12-31 00:00:00+00:00,88.176476,2.9816208,150.1
Sidrap,2022-09-30 00:00:00+00:00,2021-12-31 00:00:00+00:00,98.50988,13.500755,184.20001
Sidrap,2022-10-31 00:00:00+00:00,2021-12-31 00:00:00+00:00,164.01169,145.46887,316.5
Sidrap,2022-11-30 00:00:00+00:00,2021-12-31 00:00:00+00:00,149.5296,88.45055,307.30002
Sidrap,2022-12-31 00:00:00+00:00,2021-12-31 00:00:00+00:00,196.68005,385.78613,281.19998
Sidrap,2023-01-31 00:00:00+00:00,2022-12-31 00:00:00+00:00,228.83524,158.41632,193.3
Sidrap,2023-02-28 00:00:00+00:00,2022-12-31 00:00:00+00:00,157.51138,108.26158,117.0
Sidrap,2023-03-31 00:00:00+00:00,2022-12-31 00:00:00+00:00,238.2174,208.58105,273.69998
Sidrap,2023-04-30 00:00:00+00:00,2022-12-31 00:00:00+00:00,247.78319,218.35513,270.3
Sidrap,2023-05-31 00:00:00+00:00,2022-12-31 00:00:00+00:00,181.94934,123.26505,246.1
Sidrap,2023-06-30 00:00:00+00:00,2022-12-31 00:00:00+00:00,136.59048,13.380814,170.8
Sidrap,2023-07-31 00:00:00+00:00,2022-12-31 00:00:00+00:00,92.236786,-29.820358,130.6
Sidrap,2023-08-31 00:00:00+00:00,2022-12-31 00:00:00+00:00,74.67768,-75.5627,23.5
Sidrap,2023-09-30 00:00:00+00:00,2022-12-31 00:00:00+00:00,80.05965,-48.53151,16.0
Sidrap,2023-10-31 00:00:00+00:00,2022-12-31 00:00:00+00:00,151.49744,97.4163,21.4
Sidrap,2023-11-30 00:00:00+00:00,2022-12-31 00:00:00+00:00,191.6026,72.406334,205.4
Sidrap,2023-12-31 00:00:00+00:00,2022-12-31 00:00:00+00:00,223.3349,388.75073,158.2
Sidrap,2024-01-31 00:00:00+00:00,2023-12-31 00:00:00+00:00,175.60617,212.99039,215.50002
Sidrap,2024-02-29 00:00:00+00:00,2023-12-31 00:00:00+00:00,126.53899,87.52407,144.20001
Sidrap,2024-03-31 00:00:00+00:00,2023-12-31 00:00:00+00:00,242.65593,190.98169,282.1
Sidrap,2024-04-30 00:00:00+00:00,2023-12-31 00:00:00+00:00,259.461,157.93979,369.2
Sidrap,2024-05-31 00:00:00+00:00,2023-12-31 00:00:00+00:00,285.32666,155.4991,192.20001
Sidrap,2024-06-30 00:00:00+00:00,2023-12-31 00:00:00+00:00,247.53667,120.17304,156.1
Sidrap,2024-07-31 00:00:00+00:00,2023-12-31 00:00:00+00:00,253.96112,134.66771,158.8
Sidrap,2024-08-31 00:00:00+00:00,2023-12-31 00:00:00+00:00,193.5333,-17.147736,25.6
Sidrap,2024-09-30 00:00:00+00:00,2023-12-31 00:00:00+00:00,172.97284,-39.654648,63.3
Sidrap,2024-10-31 00:00:00+00:00,2023-12-31 00:00:00+00:00,206.48401,24.365707,145.0
Sidrap,2024-11-30 00:00:00+00:00,2023-12-31 00:00:00+00:00,201.8477,69.68283,325.8
Sidrap,2024-12-31 00:00:00+00:00,2023-12-31 00:00:00+00:00,209.61717,200.25668,193.30002
Sidrap,2025-01-31 00:00:00+00:00,2024-12-31 00:00:00+00:00,238.18118,295.17682,239.30002
Sidrap,2025-02-28 00:00:00+00:00,2024-12-31 00:00:00+00:00,116.36296,56.78291,148.2
Sidrap,2025-03-31 00:00:00+00:00,2024-12-31 00:00:00+00:00,256.14563,193.40509,202.3
Sidrap,2025-04-30 00:00:00+00:00,2024-12-31 00:00:00+00:00,260.57965,172.7248,188.90001
Sidrap,2025-05-31 00:00:00+00:00,2024-12-31 00:00:00+00:00,278.77246,74.13014,418.0
Sidrap,2025-06-30 00:00:00+00:00,2024-12-31 00:00:00+00:00,173.20265,44.226463,256.4
Sidrap,2025-07-31 00:00:00+00:00,2024-12-31 00:00:00+00:00,147.95645,5.8804626,140.40001
Sidrap,2025-08-31 00:00:00+00:00,2024-12-31 00:00:00+00:00,104.14456,-83.647385,107.600006
Sidrap,2025-09-30 00:00:00+00:00,2024-12-31 00:00:00+00:00,111.617256,-72.59253,135.3
Sidrap,2025-10-31 00:00:00+00:00,2024-12-31 00:00:00+00:00,134.5075,82.36399,145.70001
Sidrap,2025-11-30 00:00:00+00:00,2024-12-31 00:00:00+00:00,189.82904,90.38069,129.6
Sidrap,2025-12-31 00:00:00+00:00,2024-12-31 00:00:00+00:00,181.54755,212.67941,126.1
Wajo,2020-01-31 00:00:00+00:00,2019-12-31 00:00:00+00:00,223.4072,215.67577,206.59999
Wajo,2020-02-29 00:00:00+00:00,2019-12-31 00:00:00+00:00,199.1584,102.67543,314.19998
Wajo,2020-03-31 00:00:00+00:00,2019-12-31 00:00:00+00:00,294.02014,256.6694,327.1
Wajo,2020-04-30 00:00:00+00:00,2019-12-31 00:00:00+00:00,249.44592,163.87091,447.7
Wajo,2020-05-31 00:00:00+00:00,2019-12-31 00:00:00+00:00,196.51625,135.69255,353.8
Wajo,2020-06-30 00:00:00+00:00,2019-12-31 00:00:00+00:00,158.14499,136.91779,366.8
Wajo,2020-07-31 00:00:00+00:00,2019-12-31 00:00:00+00:00,207.36688,137.65819,292.6
Wajo,2020-08-31 00:00:00+00:00,2019-12-31 00:00:00+00:00,121.757286,-6.203659,144.20001
Wajo,2020-09-30 00:00:00+00:00,2019-12-31 00:00:00+00:00,47.932167,-28.524948,163.4
Wajo,2020-10-31 00:00:00+00:00,2019-12-31 00:00:00+00:00,120.825294,47.917747,152.1
Wajo,2020-11-30 00:00:00+00:00,2019-12-31 00:00:00+00:00,271.90198,181.6945,203.40001
Wajo,2020-12-31 00:00:00+00:00,2019-12-31 00:00:00+00:00,377.2322,275.18494,116.7
Wajo,2021-01-31 00:00:00+00:00,2020-12-31 00:00:00+00:00,196.93515,168.99701,137.7
Wajo,2021-02-28 00:00:00+00:00,2020-12-31 00:00:00+00:00,84.478714,105.990776,51.5
Wajo,2021-03-31 00:00:00+00:00,2020-12-31 00:00:00+00:00,219.0661,203.06763,217.70001
Wajo,2021-04-30 00:00:00+00:00,2020-12-31 00:00:00+00:00,244.13751,209.36069,97.7
Wajo,2021-05-31 00:00:00+00:00,2020-12-31 00:00:00+00:00,227.10947,226.95721,315.5
Wajo,2021-06-30 00:00:00+00:00,2020-12-31 00:00:00+00:00,184.65335,150.29117,224.20001
Wajo,2021-07-31 00:00:00+00:00,2020-12-31 00:00:00+00:00,192.29001,150.67502,270.3
Wajo,2021-08-31 00:00:00+00:00,2020-12-31 00:00:00+00:00,99.29608,29.741081,318.90002
Wajo,2021-09-30 00:00:00+00:00,2020-12-31 00:00:00+00:00,70.69795,-3.4065704,336.4
Wajo,2021-10-31 00:00:00+00:00,2020-12-31 00:00:00+00:00,93.15773,59.645958,226.3
Wajo,2021-11-30 00:00:00+00:00,2020-12-31 00:00:00+00:00,193.5457,114.60375,378.4
Wajo,2021-12-31 00:00:00+00:00,2020-12-31 00:00:00+00:00,227.90573,280.28735,181.2
Wajo,2022-01-31 00:00:00+00:00,2021-12-31 00:00:00+00:00,139.4135,92.466385,159.9
Wajo,2022-02-28 00:00:00+00:00,2021-12-31 00:00:00+00:00,89.76034,181.64511,221.7
Wajo,2022-03-31 00:00:00+00:00,2021-12-31 00:00:00+00:00,122.50836,148.91507,238.40001
Wajo,2022-04-30 00:00:00+00:00,2021-12-31 00:00:00+00:00,168.30853,206.98145,257.3
Wajo,2022-05-31 00:00:00+00:00,2021-12-31 00:00:00+00:00,209.12042,247.25485,344.2
Wajo,2022-06-30 00:00:00+00:00,2021-12-31 00:00:00+00:00,114.18351,94.0967,362.7
Wajo,2022-07-31 00:00:00+00:00,2021-12-31 00:00:00+00:00,88.08316,83.05078,265.5
Wajo,2022-08-31 00:00:00+00:00,2021-12-31 00:00:00+00:00,30.348053,45.736443,200.40001
Wajo,2022-09-30 00:00:00+00:00,2021-12-31 00:00:00+00:00,41.26272,64.14042,149.70001
Wajo,2022-10-31 00:00:00+00:00,2021-12-31 00:00:00+00:00,145.12453,219.80843,275.1
Wajo,2022-11-30 00:00:00+00:00,2021-12-31 00:00:00+00:00,91.774536,130.80812,249.8
Wajo,2022-12-31 00:00:00+00:00,2021-12-31 00:00:00+00:00,145.07576,391.02808,248.1
Wajo,2023-01-31 00:00:00+00:00,2022-12-31 00:00:00+00:00,218.83923,156.56131,126.6
Wajo,2023-02-28 00:00:00+00:00,2022-12-31 00:00:00+00:00,118.75498,79.86766,90.3
Wajo,2023-03-31 00:00:00+00:00,2022-12-31 00:00:00+00:00,221.63849,202.44205,248.3
Wajo,2023-04-30 00:00:00+00:00,2022-12-31 00:00:00+00:00,276.75903,214.31546,276.8
Wajo,2023-05-31 00:00:00+00:00,2022-12-31 00:00:00+00:00,189.08134,175.8693,284.6
Wajo,2023-06-30 00:00:00+00:00,2022-12-31 00:00:00+00:00,156.98521,80.52484,144.9
Wajo,2023-07-31 00:00:00+00:00,2022-12-31 00:00:00+00:00,127.820595,53.35089,158.1
Wajo,2023-08-31 00:00:00+00:00,2022-12-31 00:00:00+00:00,81.40678,-23.55571,57.8
Wajo,2023-09-30 00:00:00+00:00,2022-12-31 00:00:00+00:00,81.52556,-3.787918,35.0
Wajo,2023-10-31 00:00:00+00:00,2022-12-31 00:00:00+00:00,143.86258,94.2988,40.4
Wajo,2023-11-30 00:00:00+00:00,2022-12-31 00:00:00+00:00,172.2659,68.23223,175.0
Wajo,2023-12-31 00:00:00+00:00,2022-12-31 00:00:00+00:00,212.79254,273.2057,179.40001
Wajo,2024-01-31 00:00:00+00:00,2023-12-31 00:00:00+00:00,165.27492,190.21526,249.2
Wajo,2024-02-29 00:00:00+00:00,2023-12-31 00:00:00+00:00,122.105644,101.4994,149.0
Wajo,2024-03-31 00:00:00+00:00,2023-12-31 00:00:00+00:00,205.4121,174.59781,325.0
Wajo,2024-04-30 00:00:00+00:00,2023-12-31 00:00:00+00:00,307.2566,154.77324,572.50006
Wajo,2024-05-31 00:00:00+00:00,2023-12-31 00:00:00+00:00,318.90326,151.13606,263.7
Wajo,2024-06-30 00:00:00+00:00,2023-12-31 00:00:00+00:00,316.59216,145.92827,175.9
Wajo,2024-07-31 00:00:00+00:00,2023-12-31 00:00:00+00:00,323.11426,152.78145,199.7
Wajo,2024-08-31 00:00:00+00:00,2023-12-31 00:00:00+00:00,182.0055,-10.049377,71.5
Wajo,2024-09-30 00:00:00+00:00,2023-12-31 00:00:00+00:00,135.712,-22.012085,68.6
Wajo,2024-10-31 00:00:00+00:00,2023-12-31 00:00:00+00:00,174.96881,56.498093,112.9
Wajo,2024-11-30 00:00:00+00:00,2023-12-31 00:00:00+00:00,172.04193,62.021477,239.20001
Wajo,2024-12-31 00:00:00+00:00,2023-12-31 00:00:00+00:00,202.98706,168.79858,131.5
Wajo,2025-01-31 00:00:00+00:00,2024-12-31 00:00:00+00:00,242.2013,261.7447,192.8
Wajo,2025-02-28 00:00:00+00:00,2024-12-31 00:00:00+00:00,95.438675,65.56573,200.09999
Wajo,2025-03-31 00:00:00+00:00,2024-12-31 00:00:00+00:00,267.83035,207.74734,238.30002
Wajo,2025-04-30 00:00:00+00:00,2024-12-31 00:00:00+00:00,292.8333,187.00812,290.30002
Wajo,2025-05-31 00:00:00+00:00,2024-12-31 00:00:00+00:00,280.9287,153.88834,255.70001
Wajo,2025-06-30 00:00:00+00:00,2024-12-31 00:00:00+00:00,194.18138,140.94257,285.2
Wajo,2025-07-31 00:00:00+00:00,2024-12-31 00:00:00+00:00,191.70099,121.66032,134.7
Wajo,2025-08-31 00:00:00+00:00,2024-12-31 00:00:00+00:00,120.112274,-28.112015,126.100006
Wajo,2025-09-30 00:00:00+00:00,2024-12-31 00:00:00+00:00,96.606155,-51.438507,186.5
Wajo,2025-10-31 00:00:00+00:00,2024-12-31 00:00:00+00:00,120.34978,85.81734,243.1
Wajo,2025-11-30 00:00:00+00:00,2024-12-31 00:00:00+00:00,206.07217,127.60509,143.2
Wajo,2025-12-31 00:00:00+00:00,2024-12-31 00:00:00+00:00,212.71768,243.25342,97.5
